run_id,model,seed,target,n_train,n_test,accuracy,f1_macro,f1_weighted,mae_ordinal,kappa_qw,auc_ovr,time_seconds,cv_f1_weighted_mean,cv_f1_weighted_std,best_params
20260511_223913,baseline_majority,0,confianza_idx_round,402,173,0.3583815028901734,0.10553191489361702,0.1891034313122617,0.953757225433526,0.0,0.5,0.18,0.0,0.0,{}
20260511_223913,baseline_majority,7,confianza_idx_round,402,173,0.3583815028901734,0.10553191489361702,0.1891034313122617,0.953757225433526,0.0,0.5,0.06,0.0,0.0,{}
20260511_223913,baseline_majority,13,confianza_idx_round,402,173,0.3583815028901734,0.10553191489361702,0.1891034313122617,0.953757225433526,0.0,0.5,0.05,0.0,0.0,{}
20260511_223913,baseline_majority,21,confianza_idx_round,402,173,0.3583815028901734,0.10553191489361702,0.1891034313122617,0.953757225433526,0.0,0.5,0.05,0.0,0.0,{}
20260511_223913,baseline_majority,42,confianza_idx_round,402,173,0.3583815028901734,0.10553191489361702,0.1891034313122617,0.953757225433526,0.0,0.5,0.05,0.0,0.0,{}
20260511_223913,baseline_stratified,0,confianza_idx_round,402,173,0.30057803468208094,0.1928733457863163,0.29893884253535186,1.0520231213872833,0.0044597899582793366,0.5075426222772251,0.09,0.0,0.0,{}
20260511_223913,baseline_stratified,7,confianza_idx_round,402,173,0.28901734104046245,0.2235445952622018,0.29424796637066997,1.0346820809248556,0.11600127326643106,0.5100622316106402,0.07,0.0,0.0,{}
20260511_223913,baseline_stratified,13,confianza_idx_round,402,173,0.3352601156069364,0.23236525402081137,0.33547770847386643,0.9826589595375722,0.09338643748034792,0.5348523549847705,0.07,0.0,0.0,{}
20260511_223913,baseline_stratified,21,confianza_idx_round,402,173,0.24277456647398843,0.15722819593787335,0.23953978218382468,1.092485549132948,0.000977534802049207,0.4604395215037694,0.07,0.0,0.0,{}
20260511_223913,baseline_stratified,42,confianza_idx_round,402,173,0.2543352601156069,0.1630227392913802,0.25576888394371877,1.0809248554913296,0.024144657072065034,0.4800000345124513,0.09,0.0,0.0,{}
20260511_223913,log_reg,0,confianza_idx_round,402,173,0.3236994219653179,0.3032802337133963,0.3249199596785016,1.0404624277456647,0.1191989632189584,0.5572595550903274,10.16,0.41139177982766945,0.0591067844000642,"{""clf__C"": 100}"
20260511_223913,log_reg,7,confianza_idx_round,402,173,0.3583815028901734,0.307834717157961,0.35901765507473893,0.9884393063583815,0.1504872705295761,0.6060050062803394,6.56,0.4094676158929116,0.04892597699198407,"{""clf__C"": 1}"
20260511_223913,log_reg,13,confianza_idx_round,402,173,0.34104046242774566,0.3045149035651666,0.34412554752635766,0.976878612716763,0.19382355264197138,0.5645704600367222,7.34,0.3958964194517966,0.05176326580755271,"{""clf__C"": 100}"
20260511_223913,log_reg,21,confianza_idx_round,402,173,0.3063583815028902,0.23303780936216567,0.3117037020661413,0.9884393063583815,0.13533937191887147,0.5658685716057379,5.46,0.386018534856134,0.03772045065893727,"{""clf__C"": 100}"
20260511_223913,log_reg,42,confianza_idx_round,402,173,0.3352601156069364,0.3119584787050133,0.3362972786130801,1.0057803468208093,0.12808577573753643,0.56918757244394,4.79,0.3884039198773951,0.05828070376861018,"{""clf__C"": 0.1}"
20260511_223913,random_forest,0,confianza_idx_round,402,173,0.4393063583815029,0.42023291767610427,0.4331872549318508,0.838150289017341,0.22238282420546074,0.6937813784639192,509.59,0.46407204518267625,0.042847482036746445,"{""clf__n_estimators"": 200, ""clf__min_samples_split"": 10, ""clf__min_samples_leaf"": 1, ""clf__max_samples"": 0.8, ""clf__max_features"": ""sqrt"", ""clf__max_depth"": null, ""clf__class_weight"": ""balanced"", ""clf__bootstrap"": true}"
20260511_223913,random_forest,7,confianza_idx_round,402,173,0.47398843930635837,0.43305783549319593,0.47116577305593044,0.791907514450867,0.20124492962222196,0.69617840575992,547.87,0.4631561752081771,0.05055410024760372,"{""clf__n_estimators"": 400, ""clf__min_samples_split"": 5, ""clf__min_samples_leaf"": 1, ""clf__max_samples"": 0.8, ""clf__max_features"": ""sqrt"", ""clf__max_depth"": 30, ""clf__class_weight"": ""balanced_subsample"", ""clf__bootstrap"": true}"
20260511_223913,random_forest,13,confianza_idx_round,402,173,0.4624277456647399,0.4101642463576498,0.45002110452212185,0.815028901734104,0.20282446877973248,0.6585925793832579,351.4,0.5100363913383086,0.04645817408105619,"{""clf__n_estimators"": 200, ""clf__min_samples_split"": 5, ""clf__min_samples_leaf"": 1, ""clf__max_samples"": null, ""clf__max_features"": ""sqrt"", ""clf__max_depth"": 30, ""clf__class_weight"": ""balanced"", ""clf__bootstrap"": true}"
20260511_223913,random_forest,21,confianza_idx_round,402,173,0.48554913294797686,0.36255079750020813,0.47359206645764945,0.7167630057803468,0.3015527950310559,0.7060866908894594,231.85,0.4684883934693104,0.028996315492066875,"{""clf__n_estimators"": 400, ""clf__min_samples_split"": 5, ""clf__min_samples_leaf"": 1, ""clf__max_samples"": null, ""clf__max_features"": ""sqrt"", ""clf__max_depth"": 10, ""clf__class_weight"": ""balanced_subsample"", ""clf__bootstrap"": true}"
20260511_223913,random_forest,42,confianza_idx_round,402,173,0.44508670520231214,0.3762365454033267,0.4373983493692771,0.8323699421965318,0.168594201766039,0.6622237670419068,370.07,0.4878523117547589,0.06988442151137443,"{""clf__n_estimators"": 600, ""clf__min_samples_split"": 5, ""clf__min_samples_leaf"": 2, ""clf__max_samples"": 0.8, ""clf__max_features"": ""sqrt"", ""clf__max_depth"": 20, ""clf__class_weight"": ""balanced_subsample"", ""clf__bootstrap"": true}"
20260511_223913,svm_rbf,0,confianza_idx_round,402,173,0.4393063583815029,0.4572799241666853,0.4410700719742709,0.8497109826589595,0.2202386212991605,0.6684180099374851,92.16,0.4740183126854327,0.04157438198592117,"{""clf__C"": 5.547119471592121, ""clf__gamma"": 0.03766576841599294}"
20260511_223913,svm_rbf,7,confianza_idx_round,402,173,0.3815028901734104,0.361727375078645,0.3786862237988696,0.8901734104046243,0.2559856216701969,0.631868819534669,89.61,0.4519586394831844,0.029023691540103307,"{""clf__C"": 5.095779888888421, ""clf__gamma"": 0.010935880533081331}"
20260511_223913,svm_rbf,13,confianza_idx_round,402,173,0.4161849710982659,0.3342577556350871,0.4000374347485418,0.861271676300578,0.1417531376618243,0.6574360493566461,98.02,0.49659370152917387,0.030235426784362626,"{""clf__C"": 11.097171907910113, ""clf__gamma"": 0.07544536657305946}"
20260511_223913,svm_rbf,21,confianza_idx_round,402,173,0.49710982658959535,0.37598589065255733,0.47710105922051976,0.7109826589595376,0.2926544341275755,0.717856310856496,74.38,0.44935121114010157,0.017266704307856057,"{""clf__C"": 105.45040695183958, ""clf__gamma"": 0.09711005438446897}"
20260511_223913,svm_rbf,42,confianza_idx_round,402,173,0.4277456647398844,0.36387217559252427,0.4132847488896105,0.8554913294797688,0.14784988272087562,0.6550023064583775,80.05,0.45827740866207306,0.06094170298594408,"{""clf__C"": 1.1269758643814651, ""clf__gamma"": 0.05994537656798812}"
20260511_223913,hist_gradient_boosting,0,confianza_idx_round,402,173,0.41040462427745666,0.3639749757396816,0.4062867452870853,0.8034682080924855,0.2587945973986052,0.6466897439354907,151.23,0.4234502106729113,0.06259304512545949,"{""clf__min_samples_leaf"": 10, ""clf__max_iter"": 400, ""clf__max_depth"": 5, ""clf__learning_rate"": 0.1, ""clf__l2_regularization"": 0.1}"
20260511_223913,hist_gradient_boosting,7,confianza_idx_round,402,173,0.4393063583815029,0.35133496663005825,0.4329839471706479,0.8497109826589595,0.14846431879688315,0.658710719459767,126.82,0.4425841964123305,0.05221623423712932,"{""clf__min_samples_leaf"": 10, ""clf__max_iter"": 400, ""clf__max_depth"": 10, ""clf__learning_rate"": 0.2, ""clf__l2_regularization"": 0.0}"
20260511_223913,hist_gradient_boosting,13,confianza_idx_round,402,173,0.4508670520231214,0.42575675399574653,0.44226813858466996,0.7861271676300579,0.289319248826291,0.6291411074601032,233.2,0.4918898011082785,0.05587547080994902,"{""clf__min_samples_leaf"": 20, ""clf__max_iter"": 400, ""clf__max_depth"": 20, ""clf__learning_rate"": 0.2, ""clf__l2_regularization"": 0.1}"
20260511_223913,hist_gradient_boosting,21,confianza_idx_round,402,173,0.4277456647398844,0.2905078014904719,0.4104195948965159,0.791907514450867,0.19444961817843176,0.6588444681626755,147.18,0.42950743243929035,0.049978546394735826,"{""clf__min_samples_leaf"": 10, ""clf__max_iter"": 400, ""clf__max_depth"": 5, ""clf__learning_rate"": 0.05, ""clf__l2_regularization"": 0.0}"
20260511_223913,hist_gradient_boosting,42,confianza_idx_round,402,173,0.4046242774566474,0.35950003348737525,0.3997764766093588,0.8670520231213873,0.10358948644018229,0.6113853915212201,182.22,0.45264939950946353,0.03439418567893052,"{""clf__min_samples_leaf"": 30, ""clf__max_iter"": 250, ""clf__max_depth"": 20, ""clf__learning_rate"": 0.1, ""clf__l2_regularization"": 1.0}"
20260511_223913,voting_ensemble,0,confianza_idx_round,402,173,0.42196531791907516,0.35681150793650795,0.4157857372235985,0.8554913294797688,0.19714357664496163,0.6731473096827659,13.06,0.0,0.0,{}
20260511_223913,voting_ensemble,7,confianza_idx_round,402,173,0.47398843930635837,0.37517372977899294,0.4712551544389087,0.8208092485549133,0.13733239759169646,0.7095839551269101,8.77,0.0,0.0,{}
20260511_223913,voting_ensemble,13,confianza_idx_round,402,173,0.3988439306358382,0.3334258721677628,0.3908337346618665,0.8439306358381503,0.21559737021083647,0.6556987450804672,9.08,0.0,0.0,{}
20260511_223913,voting_ensemble,21,confianza_idx_round,402,173,0.4913294797687861,0.3949678490853869,0.48781658630118113,0.7456647398843931,0.2799947270296229,0.6876935458034984,8.02,0.0,0.0,{}
20260511_223913,voting_ensemble,42,confianza_idx_round,402,173,0.44508670520231214,0.3835791484583882,0.4402835402080765,0.815028901734104,0.17381667237592446,0.6797821222999741,11.88,0.0,0.0,{}
